{
  "timestamp": "2026-04-10T09:12:24.679378",
  "n_calls": 2,
  "max_tokens": 1024,
  "model_label": "Spark Qwen3.5-35B (Ollama)",
  "seq_wall_s": 28.513638125001307,
  "par_wall_s": 24.925248382001882,
  "results": [
    {
      "model": "Spark Qwen3.5-35B (Ollama)",
      "provider": "ollama",
      "prompt_idx": 0,
      "mode": "sequential",
      "call_idx": 0,
      "latency_s": 18.192960782002046,
      "success": true,
      "tokens_in": 23,
      "tokens_out": 1024,
      "error": null,
      "output_text": "",
      "ttft_s": null,
      "tpot_s": null,
      "itl_p50_s": null,
      "itl_p95_s": null,
      "gen_tok_s": 56.28550582118684
    },
    {
      "model": "Spark Qwen3.5-35B (Ollama)",
      "provider": "ollama",
      "prompt_idx": 1,
      "mode": "sequential",
      "call_idx": 0,
      "latency_s": 10.273697139000433,
      "success": true,
      "tokens_in": 17,
      "tokens_out": 580,
      "error": null,
      "output_text": "Die Hauptstadt von Australien ist **Canberra**.",
      "ttft_s": 10.115513581000414,
      "tpot_s": 0.017699644625281508,
      "itl_p50_s": 0.017689195001366897,
      "itl_p95_s": 0.018981451001309324,
      "gen_tok_s": 56.45484698962329
    },
    {
      "model": "Spark Qwen3.5-35B (Ollama)",
      "provider": "ollama",
      "prompt_idx": 0,
      "mode": "parallel",
      "call_idx": 0,
      "latency_s": 18.136678382001264,
      "success": true,
      "tokens_in": 23,
      "tokens_out": 1024,
      "error": null,
      "output_text": "",
      "ttft_s": null,
      "tpot_s": null,
      "itl_p50_s": null,
      "itl_p95_s": null,
      "gen_tok_s": 56.460173050000805
    },
    {
      "model": "Spark Qwen3.5-35B (Ollama)",
      "provider": "ollama",
      "prompt_idx": 1,
      "mode": "parallel",
      "call_idx": 0,
      "latency_s": 24.89816537000297,
      "success": true,
      "tokens_in": 17,
      "tokens_out": 381,
      "error": null,
      "output_text": "Die Hauptstadt von Australien ist **Canberra**.",
      "ttft_s": 24.739681846000167,
      "tpot_s": 0.017652880625064427,
      "itl_p50_s": 0.01715857350063743,
      "itl_p95_s": 0.019804767001915025,
      "gen_tok_s": 15.302332293889593
    }
  ]
}